{
  "dit": {
    "inputs": {
      "x_in": [
        1,
        8,
        16,
        24,
        32
      ],
      "sigma": [
        1,
        8
      ],
      "action": [
        1,
        8
      ]
    },
    "output": {
      "x0": [
        1,
        16,
        24,
        32
      ]
    },
    "opset": 18,
    "action_dtype": "int32"
  },
  "vae_dec": {
    "inputs": {
      "z": [
        1,
        768,
        16
      ]
    },
    "output": {
      "img": [
        1,
        192,
        256,
        3
      ]
    }
  },
  "latent": {
    "C": 16,
    "Hp": 24,
    "Wp": 32,
    "N": 768,
    "token_order": "row-major Hp-then-Wp"
  },
  "sampler": {
    "steps": 4,
    "sigma_stab": 0.3,
    "sigma_schedule": [
      26.000001907348633,
      6.188492298126221,
      1.0150700807571411,
      0.08816343545913696,
      0.0019999996293336153
    ]
  },
  "seeds": {
    "file": "seed_latents.bin",
    "dtype": "float32",
    "shape": [
      8,
      8,
      16,
      24,
      32
    ],
    "actions": [
      [
        0,
        2,
        0,
        2,
        2,
        2,
        1,
        1
      ],
      [
        1,
        3,
        3,
        3,
        0,
        2,
        3,
        2
      ],
      [
        2,
        3,
        0,
        2,
        1,
        1,
        1,
        1
      ],
      [
        3,
        0,
        3,
        0,
        2,
        1,
        0,
        3
      ],
      [
        1,
        1,
        2,
        2,
        2,
        3,
        1,
        0
      ],
      [
        2,
        2,
        3,
        1,
        2,
        0,
        0,
        3
      ],
      [
        2,
        3,
        1,
        1,
        3,
        3,
        0,
        0
      ],
      [
        0,
        0,
        3,
        2,
        3,
        1,
        2,
        1
      ]
    ],
    "states": [
      {
        "head": [
          0,
          2
        ],
        "body": [
          [
            0,
            2
          ],
          [
            0,
            1
          ],
          [
            0,
            0
          ]
        ],
        "heading": 1,
        "apple": [
          1,
          5
        ]
      },
      {
        "head": [
          4,
          0
        ],
        "body": [
          [
            4,
            0
          ],
          [
            5,
            0
          ],
          [
            6,
            0
          ]
        ],
        "heading": 2,
        "apple": [
          6,
          2
        ]
      },
      {
        "head": [
          1,
          5
        ],
        "body": [
          [
            1,
            5
          ],
          [
            1,
            4
          ],
          [
            1,
            3
          ]
        ],
        "heading": 1,
        "apple": [
          0,
          5
        ]
      },
      {
        "head": [
          6,
          2
        ],
        "body": [
          [
            6,
            2
          ],
          [
            5,
            2
          ],
          [
            5,
            1
          ]
        ],
        "heading": 3,
        "apple": [
          7,
          4
        ]
      },
      {
        "head": [
          0,
          2
        ],
        "body": [
          [
            0,
            2
          ],
          [
            0,
            1
          ],
          [
            0,
            0
          ]
        ],
        "heading": 1,
        "apple": [
          2,
          4
        ]
      },
      {
        "head": [
          1,
          1
        ],
        "body": [
          [
            1,
            1
          ],
          [
            0,
            1
          ],
          [
            0,
            2
          ]
        ],
        "heading": 3,
        "apple": [
          0,
          4
        ]
      },
      {
        "head": [
          4,
          2
        ],
        "body": [
          [
            4,
            2
          ],
          [
            4,
            3
          ],
          [
            4,
            4
          ]
        ],
        "heading": 0,
        "apple": [
          5,
          2
        ]
      },
      {
        "head": [
          6,
          2
        ],
        "body": [
          [
            6,
            2
          ],
          [
            6,
            1
          ],
          [
            7,
            1
          ]
        ],
        "heading": 1,
        "apple": [
          5,
          5
        ]
      }
    ]
  },
  "game": {
    "grid_cols": 8,
    "grid_rows": 6,
    "cell": 32,
    "gap": 2,
    "img_h": 192,
    "img_w": 256,
    "sample_inset": 12,
    "sample_size": 8,
    "dirs": [
      [
        0,
        -1
      ],
      [
        0,
        1
      ],
      [
        -1,
        0
      ],
      [
        1,
        0
      ]
    ],
    "reverse": [
      1,
      0,
      3,
      2
    ],
    "start_len": 3,
    "colors": {
      "empty": [
        20,
        12,
        28
      ],
      "body": [
        133,
        149,
        161
      ],
      "head": [
        222,
        238,
        214
      ],
      "apple": [
        208,
        70,
        72
      ]
    }
  },
  "context_frames": 8,
  "num_actions": 4,
  "n_seeds": 8
}